identifier,title,action,date,matter_id
A2023-0001282,"Appointment of Erick Valdez as member of Special Service Area No. 39, Brighton Park-Archer Heights Commission",Recommended to Pass,2023-09-12,20C2545B-6910-EE11-8F6C-001DD806D3F2
F2023-0002698,"Funding loan notification of Multi-Family Housing Revenue Notes (Encuentro Square II Apartments), Series 2023A and 2023B",Placed on File,2023-07-19,DAE86AFF-ED1F-EE11-8F6C-001DD809B9F5
O2023-0001052,Handicapped Parking Permit No. 131179,Substituted-Aggregated,2023-07-14,B6F60E9A-DB0A-EE11-8F6D-001DD809B7F1
O2023-0001053,Handicapped Parking Permit No. 131222,Substituted-Aggregated,2023-07-14,E177A743-DD0A-EE11-8F6D-001DD809B965
O2023-0001054,Handicapped Parking Permit No. 131655,Substituted-Aggregated,2023-07-14,A9C3E013-DE0A-EE11-8F6D-001DD809B965
O2023-0001055,Handicapped Parking Permit No. 131703,Substituted-Aggregated,2023-07-14,96A46337-E00A-EE11-8F6D-001DD809B965
O2023-0001056,Handicapped Parking Permit No. 130605,Substituted-Aggregated,2023-07-14,A5F30658-E30A-EE11-8F6D-001DD809B965
O2023-0001062,Handicapped Parking Permit No. 130404,Substituted-Aggregated,2023-07-14,10EA804A-EE0A-EE11-8F6D-001DD809B965
O2023-0001064,Handicapped Parking Permit No. 125158 - remove,Substituted-Aggregated,2023-07-14,6752376C-EF0A-EE11-8F6D-001DD809B965
O2023-0001067,Handicapped Parking Permit No. 77264 - remove,Substituted-Aggregated,2023-07-14,162D585B-F20A-EE11-8F6D-001DD809B7F1
O2023-0001300,Traffic sign(s)/signal(s) at S Wabash Ave and E 69th St - All-Way Stop,Substituted-Aggregated,2023-07-14,1B85AE78-7410-EE11-8F6C-001DD806D641
O2023-0001313,Handicapped Parking Permit No. 49753 - remove,Substituted-Aggregated,2023-06-14,30F9467D-7810-EE11-8F6C-001DD806D641
O2023-0001322,Handicapped Parking Permit No. 14696 - remove,Substituted-Aggregated,2023-06-14,B2A43B7F-7A10-EE11-8F6C-001DD806D641
O2023-0001325,Handicapped Parking Permit No. 131015,Substituted-Aggregated,2023-07-14,199448F1-7A10-EE11-8F6C-001DD806D641
O2023-0001328,Handicapped Parking Permit No. 131444,Substituted-Aggregated,2023-07-14,1E16965F-7B10-EE11-8F6C-001DD806D641
O2023-0001330,Handicapped Parking Permit No. 131045,Substituted-Aggregated,2023-07-14,FC3B0ADE-7B10-EE11-8F6C-001DD806D641
O2023-0001333,Handicapped Parking Permit No. 128088,Substituted-Aggregated,2023-07-14,B5B6F645-7C10-EE11-8F6C-001DD806D641
O2023-0001340,Handicapped Parking Permit No. 130408,Substituted-Aggregated,2023-07-14,88875E4C-7D10-EE11-8F6C-001DD806D641
O2023-0001344,Handicapped Parking Permit No. 129442,Substituted-Aggregated,2023-07-14,A1D58AC2-7D10-EE11-8F6C-001DD806D641
O2023-0001348,Residential permit parking at 1822-1830 S Peoria St - Zone No. 2389,Substituted-Aggregated,2023-06-14,F173EBA3-7E10-EE11-8F6C-001DD806D641
O2023-0001350,Handicapped Parking Permit No. 131395,Substituted-Aggregated,2023-06-14,FB7FA21C-7F10-EE11-8F6C-001DD806D641
O2023-0001359,Handicapped Parking Permit No. 1131410,Substituted-Aggregated,2023-07-14,22B47D1E-8010-EE11-8F6C-001DD806D641
O2023-0001369,Handicapped Parking Permit No. 92660 - remove,Substituted-Aggregated,2023-06-14,DEADD880-8110-EE11-8F6C-001DD806D641
O2023-0001382,Handicapped Parking Permit No. 125654 - remove,Substituted-Aggregated,2023-06-14,104A7F84-8310-EE11-8F6C-001DD806D641
O2023-0001386,Handicapped Parking Permit No. 121980 - remove,Substituted-Aggregated,2023-06-14,8DC9C9F7-8310-EE11-8F6C-001DD806D641
O2023-0001387,Handicapped Parking Permit No. 113059 - remove,Substituted-Aggregated,2023-06-14,027D1E4D-8410-EE11-8F6C-001DD806D641
O2023-0001455,Acquisition of property at S Burley Avenue from E 122nd Street to E 126th Pl; S Carondolet Ave from E 122nd St to E 126th Pl; and E 122nd St from South Ave O to S Caroldolet Ave and Norfolk Southern Railway Company grade crossing for roadway improvements associated with North Point Redevelopment Project,Held in Committee,2023-06-14,6BCBBC19-8610-EE11-8F6C-001DD806D2E1
O2023-0001730,Handicapped permit parking at 5736 S Campbell Ave,Substituted-Aggregated,2023-06-13,94FF5107-0611-EE11-8F6C-001DD806D2E1
O2023-0001731,Handicapped Permit Parking No. 130222 - amend,Substituted-Aggregated,2023-06-14,B17EC2A1-0611-EE11-8F6C-001DD806D2E1
O2023-0001745,"Negotiated sale of vacant City-owned property at 1924 W 46th St to Harvest Food Group, Inc. and Harvest Yards LLC for relocation and expansion of frozen food processing and packaging facilities requiring public open space, environmental improvements, public street widening, and parcel remediation",Held in Committee,2023-06-14,14B8E40B-0F11-EE11-8F6C-001DD806D2E1
O2023-0001948,Negotiated sale of City-owned property at 3010 - 3012 E 79th Pl to Christopher Tomacek and Victor Resa,Introduce,2023-06-23,426C7459-2F11-EE11-8F6C-001DD806D2E1
O2023-0001968,Handicapped Parking Permit No. 131714,Substituted-Aggregated,2023-06-14,7F090CB8-3A11-EE11-8F6C-001DD806D3F2
O2023-0001972,Handicapped Parking Permit No. 131154,Substituted-Aggregated,2023-06-14,0C52C0CE-3B11-EE11-8F6C-001DD806D3F2
O2023-0001973,Handicapped Parking Permit No. 131083,Substituted-Aggregated,2023-06-14,D0A0B24E-3C11-EE11-8F6C-001DD806D3F2
O2023-0001974,Handicapped Parking Permit No. 42599 - remove,Substituted-Aggregated,2023-06-14,B7EB3717-3D11-EE11-8F6C-001DD806D3F2
O2023-0001976,Handicapped Parking Permit No. 131030,Substituted-Aggregated,2023-06-14,0EDD884B-3E11-EE11-8F6C-001DD806D3F2
O2023-0001985,Residential permit parking at 1801-1827 S Peoria St - Zone No. 2389,Substituted-Aggregated,2023-06-14,2FA0E12B-4111-EE11-8F6C-001DD806D3F2
O2023-0001988,Loading/Standing/Tow Zone(s) at 122 N Aberdeen St - Libary Parking Only,Substituted-Aggregated,2023-06-14,F5A7CE69-4311-EE11-8F6C-001DD806D3F2
O2023-0002003,"Relocation of parking meter payboxes on portions of W Locust St, W Walton St, N Wells St, W Chestnut St, N Franklin St, W Walton St and W Oak St",Substituted-Aggregated,2023-06-14,2B1F609A-4711-EE11-8F6C-001DD806D3F2
O2023-0002015,Parking meters at 1380 W Randolph St - amend,Substituted-Aggregated,2023-06-14,EE120A07-4A11-EE11-8F6C-001DD806D3F2
O2023-0002027,Vehicle weight limitation at W Berwyn Ave from N Western Ave to N California Ave - 5 tons,Substituted-Aggregated,2023-06-14,100D7933-4C11-EE11-8F6C-001DD806D3F2
O2023-0002033,Vehicle weight limitation at W Summerdale Ave from N Lincoln Ave to N California Ave - 5 tons,Substituted-Aggregated,2023-06-14,53233119-4D11-EE11-8F6C-001DD806DFCD
O2023-0002036,Vehicle weight limitation at W Farragut Ave from N Lincoln Ave to N California Ave - 5 tons,Substituted-Aggregated,2023-06-14,F4F2A6F6-4D11-EE11-8F6C-001DD806DFCD
O2023-0002039,Vehicle weight limitation at W Catalpa Ave from N Western Ave to N California Ave - 5 tons,Substituted-Aggregated,2023-06-14,180F6E28-5011-EE11-8F6C-001DD806D641
O2023-0002040,Vehicle weight limitation at W Balmoral Ave from N Western Ave to N California Ave - 5 tons,Substituted-Aggregated,2023-06-14,4951C050-5111-EE11-8F6C-001DD806D641
O2023-0002041,Traffic sign(s)/signal(s) at W Schubert Ave and N Sacramento Ave - All-Way Stop,Substituted-Aggregated,2023-06-14,B349F193-5411-EE11-8F6C-001DD806DBEC
O2023-0002042,Traffic sign(s)/signal(s) at W Beach Ave and N Dean St - All-Way Stop,Substituted-Aggregated,2023-06-14,0E711685-5611-EE11-8F6C-001DD806DBEC
O2023-0002045,Traffic sign(s)/signal(s) at W Augusta Blvd and N Hoyne St - All-Way Stop,Substituted-Aggregated,2023-06-14,D896912E-C911-EE11-8F6C-001DD806D3F2
O2023-0002046,Traffic sign(s)/signal(s) at W Haddon St and N Leavitt St - All-Way Stop,Substituted-Aggregated,2023-06-14,AB589F6D-CA11-EE11-8F6C-001DD806D3F2
O2023-0002048,Traffic sign(s)/signal(s) at 430 N Artesian Ave - All-Way Stop,Substituted-Aggregated,2023-06-14,4F1DC69A-CD11-EE11-8F6C-001DD806D3F2
O2023-0002049,Traffic sign(s)/signal(s) at 7000 N Mendota Ave and N Ionia Ave - Two-Way Stop,Substituted-Aggregated,2023-06-14,D66BDFC7-CE11-EE11-8F6C-001DD806D3F2
O2023-0002051,Handicapped permit parking at 2521 W Thomas St,Substituted-Aggregated,2023-06-14,9EF5D531-D611-EE11-8F6C-001DD806D3F2
O2023-0002053,Handicapped permit parking at 1847 N Talman Ave,Substituted-Aggregated,2023-06-14,C0AD3F7C-D711-EE11-8F6C-001DD806D3F2
O2023-0002054,Handicapped Parking Permit No. 119698,Substituted-Aggregated,2023-06-14,050ACABA-D811-EE11-8F6C-001DD806D3F2
O2023-0002055,Handicapped Parking Permit No. 01969,Substituted-Aggregated,2023-06-14,28617705-DA11-EE11-8F6C-001DD806D3F2
O2023-0002056,Handicapped Parking Permit No. 129965,Substituted-Aggregated,2023-06-14,DEA9BCD1-DA11-EE11-8F6C-001DD806D3F2
O2023-0002057,Handicapped Parking Permit No. 130603,Substituted-Aggregated,2023-06-14,AC5BAA92-DB11-EE11-8F6C-001DD806D3F2
O2023-0002058,Handicapped Parking Permit No. 129380,Substituted-Aggregated,2023-06-14,8AD36D3B-DC11-EE11-8F6C-001DD806D3F2
O2023-0002060,Handicapped Parking Permit No. 130827,Substituted-Aggregated,2023-06-14,5F6ACE31-DD11-EE11-8F6C-001DD806D3F2
O2023-0002061,Handicapped Parking Permit No. 130464,Substituted-Aggregated,2023-07-19,CB599A89-DE11-EE11-8F6C-001DD806D641
O2023-0002062,Handicapped Parking Permit No. 130922,Substituted-Aggregated,2023-07-19,0069F38E-DF11-EE11-8F6C-001DD806D641
O2023-0002063,Handicapped Parking Permit No. 131031,Substituted-Aggregated,2023-07-19,06531BF6-E011-EE11-8F6C-001DD806D641
O2023-0002064,Handicapped Parking Permit No. 130804,Substituted-Aggregated,2023-07-19,BC25D1D3-E111-EE11-8F6C-001DD806D641
O2023-0002066,Handicapped Parking Permit No. 130626,Substituted-Aggregated,2023-07-19,B7FD8945-E411-EE11-8F6C-001DD806D641
O2023-0002068,Handicapped Parking Permit No. 130931,Substituted-Aggregated,2023-07-19,AF219CE6-E511-EE11-8F6C-001DD806D3F2
O2023-0002070,Handicapped Parking Permit No. 131700,Substituted-Aggregated,2023-07-19,DE8B34EF-F511-EE11-8F6C-001DD806D641
O2023-0002072,Handicapped Parking Permit No. 131922,Substituted-Aggregated,2023-07-19,AD31019C-F811-EE11-8F6C-001DD806D3F2
O2023-0002073,Handicapped Parking Permit No. 131923,Substituted-Aggregated,2023-07-19,6F16BC65-FB11-EE11-8F6C-001DD806D3F2
O2023-0002074,Handicapped Parking Permit No. 131924,Substituted-Aggregated,2023-07-19,AA984DA5-FC11-EE11-8F6C-001DD806D641
O2023-0002075,Handicapped Parking Permit No. 131848,Substituted-Aggregated,2023-07-19,B71CFE96-FD11-EE11-8F6C-001DD806D641
O2023-0002076,Handicapped Parking Permit No. 131850,Substituted-Aggregated,2023-07-19,005C1504-FF11-EE11-8F6C-001DD806D641
O2023-0002077,Handicapped Parking Permit No. 131852,Substituted-Aggregated,2023-07-19,545F74FE-FF11-EE11-8F6C-001DD806D641
O2023-0002078,Handicapped Parking Permit No. 131744,Substituted-Aggregated,2023-07-19,0BEFF5B0-0012-EE11-8F6C-001DD806D641
O2023-0002079,Handicapped Parking Permit No. 131747,Substituted-Aggregated,2023-06-13,05479E54-0112-EE11-8F6C-001DD806D3F2
O2023-0002080,Handicapped Parking Permit No. 131704,Substituted-Aggregated,2023-07-19,D3BF6F19-0212-EE11-8F6C-001DD806D3F2
O2023-0002081,Handicapped Parking Permit No. 131705,Substituted-Aggregated,2023-07-19,DECADEEC-0212-EE11-8F6C-001DD806D3F2
O2023-0002082,Handicapped Parking Permit No. 131702,Substituted-Aggregated,2023-07-19,4CA94FCE-0312-EE11-8F6C-001DD806D3F2
O2023-0002083,Handicapped Parking Permit No. 131701,Substituted-Aggregated,2023-07-19,C53F8869-0412-EE11-8F6C-001DD806D3F2
O2023-0002084,Handicapped Parking Permit No. 131706,Substituted-Aggregated,2023-07-19,40801FFA-0412-EE11-8F6C-001DD806D3F2
O2023-0002085,Handicapped Parking Permit No. 131407,Substituted-Aggregated,2023-07-19,4BF60094-0512-EE11-8F6C-001DD806D3F2
O2023-0002086,Handicapped Parking Permit No. 131764,Substituted-Aggregated,2023-07-19,6480D9D2-0712-EE11-8F6C-001DD806D641
O2023-0002088,Handicapped Parking Permit No. 131677,Substituted-Aggregated,2023-07-19,5F512C4F-2414-EE11-8F6D-001DD806F9D9
O2023-0002089,Handicapped Parking Permit No. 122920,Substituted-Aggregated,2023-07-19,107A78AB-2514-EE11-8F6D-001DD806F9D9
O2023-0002090,Handicapped Parking Permit No. 130930,Substituted-Aggregated,2023-07-19,67979EA1-2614-EE11-8F6D-001DD806F9D9
O2023-0002091,Handicapped Parking Permit No. 130853,Substituted-Aggregated,2023-07-19,2CA05ADA-2714-EE11-8F6D-001DD806F88B
O2023-0002092,Handicapped Parking Permit No. 130671,Substituted-Aggregated,2023-07-19,74D7F5D1-2814-EE11-8F6D-001DD806F88B
O2023-0002094,Handicapped Parking Permit No. 131793,Substituted-Aggregated,2023-07-19,47177E56-2A14-EE11-8F6D-001DD806F88B
O2023-0002095,Handicapped Parking Permit No. 129758,Substituted-Aggregated,2023-07-19,76656388-2B14-EE11-8F6D-001DD806F88B
O2023-0002096,Handicapped Parking Permit No. 131782,Substituted-Aggregated,2023-07-19,063D7ADE-3114-EE11-8F6D-001DD806F88B
O2023-0002097,Handicapped Parking Permit No. 129278,Substituted-Aggregated,2023-07-19,EC5FDE2E-3314-EE11-8F6D-001DD806F88B
O2023-0002099,Handicapped Parking Permit No. 129397,Substituted-Aggregated,2023-07-19,78F86E1D-3414-EE11-8F6D-001DD806F88B
O2023-0002100,Handicapped Parking Permit No. 130112,Substituted-Aggregated,2023-07-19,B646FBE2-3514-EE11-8F6D-001DD806F9D9
O2023-0002101,Handicapped Parking Permit No. 130488,Substituted-Aggregated,2023-07-19,A6034C8A-3614-EE11-8F6D-001DD806F9D9
O2023-0002102,Handicapped Parking Permit No. 129941,Substituted-Aggregated,2023-07-19,B8873B2A-3714-EE11-8F6D-001DD806F9D9
O2023-0002103,Handicapped Parking Permit No. 129540,Substituted-Aggregated,2023-07-19,340148E3-3714-EE11-8F6D-001DD806F9D9
O2023-0002104,Handicapped Parking Permit No. 115903 - amend,Substituted-Aggregated,2023-07-19,805F4991-3814-EE11-8F6D-001DD806F88B
O2023-0002105,Handicapped Parking Permit No. 130375,Substituted-Aggregated,2023-07-19,155DA9D4-3914-EE11-8F6D-001DD806F88B
O2023-0002106,Handicapped Parking Permit No. 130821,Substituted-Aggregated,2023-07-19,252EEDCE-3A14-EE11-8F6D-001DD806F88B
O2023-0002107,Handicapped Parking Permit No. 129461,Substituted-Aggregated,2023-07-19,A622C881-3C14-EE11-8F6D-001DD806F88B
O2023-0002109,Handicapped Parking Permit No. 130313,Substituted-Aggregated,2023-07-19,AFD8CBB8-3E14-EE11-8F6D-001DD806F9D9
O2023-0002110,Handicapped Parking Permit No. 129798,Substituted-Aggregated,2023-07-19,DEB5A918-4014-EE11-8F6D-001DD806F9D9
O2023-0002111,Handicapped Parking Permit No. 129617,Substituted-Aggregated,2023-07-19,5A7A7717-4114-EE11-8F6D-001DD806F88B
O2023-0002112,Handicapped Parking Permit No. 130661,Substituted-Aggregated,2023-07-19,F1C1ECDE-4114-EE11-8F6D-001DD806F88B
O2023-0002114,Handicapped Parking Permit No. 130416,Substituted-Aggregated,2023-07-19,D47CEE41-4E14-EE11-8F6D-001DD806F9D9
O2023-0002115,Handicapped Parking Permit No. 129879,Substituted-Aggregated,2023-07-19,82F3133A-4F14-EE11-8F6D-001DD806F9D9
O2023-0002116,Handicapped Parking Permit No. 130900,Substituted-Aggregated,2023-07-19,7C2BEA85-5014-EE11-8F6D-001DD806F9D9
O2023-0002117,Handicapped Parking Permit No. 130822,Substituted-Aggregated,2023-07-19,DD7C40BE-5114-EE11-8F6D-001DD806F9D9
O2023-0002118,Handicapped Parking Permit No. 130843,Substituted-Aggregated,2023-07-19,4AB418DB-5714-EE11-8F6D-001DD806F88B
O2023-0002119,Handicapped Parking Permit No. 130955,Substituted-Aggregated,2023-07-19,E7A00700-5914-EE11-8F6D-001DD806F88B
O2023-0002120,Handicapped Parking Permit No. 130654,Substituted-Aggregated,2023-07-19,10D1745B-5A14-EE11-8F6D-001DD806F9D9
O2023-0002121,Handicapped Parking Permit No. 127927,Substituted-Aggregated,2023-07-19,11380D65-5B14-EE11-8F6D-001DD806F9D9
O2023-0002122,Handicapped Parking Permit No. 130816,Substituted-Aggregated,2023-05-24,FC13534B-5C14-EE11-8F6D-001DD806F9D9
O2023-0002123,Handicapped Parking Permit No. 130876,Substituted-Aggregated,2023-07-19,C63F052C-5D14-EE11-8F6D-001DD806F9D9
O2023-0002124,Handicapped Parking Permit No. 130518,Substituted-Aggregated,2023-07-19,D8AF16EF-5D14-EE11-8F6D-001DD806F9D9
O2023-0002125,Handicapped Parking Permit No. 129701,Substituted-Aggregated,2023-07-19,43B076B5-5E14-EE11-8F6D-001DD806F88B
O2023-0002126,Handicapped Parking Permit No. 131070,Substituted-Aggregated,2023-07-19,DBE8DE5F-5F14-EE11-8F6D-001DD806F88B
O2023-0002127,Handicapped Parking Permit No. 131602,Substituted-Aggregated,2023-07-19,21D03650-6014-EE11-8F6D-001DD806F88B
O2023-0002129,Handicapped Parking Permit No. 130963,Substituted-Aggregated,2023-07-19,E3C7EBE3-6014-EE11-8F6D-001DD806F88B
O2023-0002130,Handicapped Parking Permit No. 130788,Substituted-Aggregated,2023-07-19,4ECD287B-6114-EE11-8F6D-001DD806F88B
O2023-0002131,Handicapped Parking Permit No. 129799,Substituted-Aggregated,2023-07-19,CDBF5543-6214-EE11-8F6D-001DD806F88B
O2023-0002132,Handicapped Parking Permit No. 130527,Substituted-Aggregated,2023-07-19,8A12AB00-6314-EE11-8F6D-001DD806F88B
O2023-0002133,Handicapped Parking Permit No. 130873,Substituted-Aggregated,2023-07-19,2339DE0A-EC14-EE11-8F6D-001DD806F9D9
O2023-0002135,Handicapped Parking Permit No. 131258,Substituted-Aggregated,2023-07-19,A581E94E-ED14-EE11-8F6D-001DD806F9D9
O2023-0002137,Handicapped Parking Permit No. 131041,Substituted-Aggregated,2023-07-19,65DE730F-EE14-EE11-8F6D-001DD806F9D9
O2023-0002139,Handicapped permit parking at 5249 W Congress Pkwy,Substituted-Aggregated,2023-07-19,3450853B-EF14-EE11-8F6D-001DD806F9D9
O2023-0002141,Handicapped permit parking at 1652 N Mason Ave,Substituted-Aggregated,2023-07-19,580C3D73-F014-EE11-8F6D-001DD806F9D9
O2023-0002143,Handicapped permit parking at 1311 N Mayfield Ave,Substituted-Aggregated,2023-06-14,7E875618-F214-EE11-8F6D-001DD806F9D9
O2023-0002145,Handicapped permit parking at 1652 N Mayfield Ave,Substituted-Aggregated,2023-06-14,1DD79DD8-F214-EE11-8F6D-001DD806F9D9
O2023-0002146,Handicapped permit parking at 5428 W Van Buren St,Substituted-Aggregated,2023-07-19,580CC2B6-F314-EE11-8F6D-001DD806F9D9
O2023-0002147,Handicapped Parking Permit No. 131182,Substituted-Aggregated,2023-06-14,109002C5-F414-EE11-8F6D-001DD806F9D9
O2023-0002153,Handicapped permit parking at 5145 W Altgeld St,Substituted-Aggregated,2023-07-19,C081E6FD-F814-EE11-8F6D-001DD806F88B
O2023-0002155,Handicapped Parking Permit No. 130870,Substituted-Aggregated,2023-06-14,E6EA6157-FB14-EE11-8F6D-001DD806F88B
O2023-0002156,Handicapped Parking Permit No. 131137,Substituted-Aggregated,2023-06-14,B0725D5E-FC14-EE11-8F6D-001DD806F88B
O2023-0002157,Handicapped Parking Permit No. 130819,Substituted-Aggregated,2023-07-19,417DF330-FD14-EE11-8F6D-001DD806F88B
O2023-0002159,Handicapped Parking Permit No. 130197,Substituted-Aggregated,2023-07-19,9FB3B2F6-FE14-EE11-8F6D-001DD806F88B
O2023-0002161,Handicapped Parking Permit No. 130948,Substituted-Aggregated,2023-07-19,DDE829BD-FF14-EE11-8F6D-001DD806F88B
O2023-0002166,Handicapped Parking Permit No. 130647,Substituted-Aggregated,2023-07-19,957C5573-0215-EE11-8F6D-001DD806F88B
O2023-0002167,Handicapped Parking Permit No. 130697,Substituted-Aggregated,2023-07-19,C560C566-0315-EE11-8F6D-001DD806F88B
O2023-0002170,Handicapped Parking Permit No. 129997,Substituted-Aggregated,2023-06-14,149B8734-0415-EE11-8F6D-001DD806F88B
O2023-0002174,Handicapped Parking Permit No. 131322,Substituted-Aggregated,2023-07-19,236BAC9C-0515-EE11-8F6D-001DD806F88B
O2023-0002176,Handicapped Parking Permit No. 131164,Substituted-Aggregated,2023-06-14,696EF530-0615-EE11-8F6D-001DD806F88B
O2023-0002178,Handicapped Parking Permit No. 131455,Substituted-Aggregated,2023-07-19,21FD00C4-0615-EE11-8F6D-001DD806F88B
O2023-0002179,Handicapped Parking Permit No. 130812,Substituted-Aggregated,2023-06-14,1E4D231C-0715-EE11-8F6D-001DD806F88B
O2023-0002182,Handicapped Parking Permit No. 131028,Substituted-Aggregated,2023-06-14,66D061BE-0715-EE11-8F6D-001DD806F88B
O2023-0002184,Handicapped Parking Permit No. 131474,Substituted-Aggregated,2023-06-14,FC0A00A9-0815-EE11-8F6D-001DD806F88B
O2023-0002185,Handicapped Parking Permit No. 128843,Substituted-Aggregated,2023-06-14,FA8B382F-0915-EE11-8F6D-001DD806F88B
O2023-0002187,Handicapped Parking Permit No. 127781 - remove,Substituted-Aggregated,2023-06-14,FA4932BF-0915-EE11-8F6D-001DD806F88B
O2023-0002188,Handicapped Parking Permit No. 119955 - remove,Substituted-Aggregated,2023-06-14,984AB83B-0A15-EE11-8F6D-001DD806F88B
O2023-0002189,Handicapped Parking Permit No. 31384 - remove,Substituted-Aggregated,2023-06-14,B26FB0B7-0A15-EE11-8F6D-001DD806F88B
O2023-0002190,Handicapped Parking Permit No. 89930 - remove,Substituted-Aggregated,2023-06-21,DBEAF240-0B15-EE11-8F6D-001DD806F88B
O2023-0002191,Handicapped permit parking at 6509 N Sacramento Ave - remove,Substituted-Aggregated,2023-06-21,4C28A0E4-0B15-EE11-8F6D-001DD806F88B
O2023-0002623,Loading/Standing/Tow Zone(s) at W Washington Blvd from N Homan Ave to N Hamlin Ave,Substituted-Aggregated,2023-07-19,E1D6D11D-251F-EE11-8F6C-001DD809B9F5
O2023-0002624,Loading/Standing/Tow Zone(s) at W Warren Blvd from N Homan Ave west to dead end,Substituted-Aggregated,2023-07-19,4EE30927-261F-EE11-8F6C-001DD809B9F5
O2023-0002625,Loading/Standing/Tow Zone(s) at W Walnut St from N Central Park Ave to first alley east,Substituted-Aggregated,2023-07-19,EDA98EEC-261F-EE11-8F6C-001DD809B9F5
O2023-0002626,Loading/Standing/Tow Zone(s) at W Madison St from S St. Louis Ave to S Central Park Ave,Substituted-Aggregated,2023-07-19,DC7AE2A5-271F-EE11-8F6C-001DD809B9F5
O2023-0002627,Loading/Standing/Tow Zone(s) at W Madison St from S Homan Ave to S Central Park Ave,Substituted-Aggregated,2023-07-19,9FC54F5C-2A1F-EE11-8F6C-001DD809B9F5
O2023-0002628,Handicapped Parking Permit No. 131873,Substituted-Aggregated,2023-07-19,C9276CF3-2F1F-EE11-8F6C-001DD809B9F5
O2023-0002629,Handicapped Parking Permit No. 130438,Substituted-Aggregated,2023-07-19,86E04782-301F-EE11-8F6C-001DD809B9F5
O2023-0002630,Handicapped Parking Permit No. 130137,Substituted-Aggregated,2023-07-19,6A719112-311F-EE11-8F6C-001DD809B9F5
O2023-0002631,Handicapped Parking Permit No. 3018 - remove,Substituted-Aggregated,2023-07-19,81DF078E-311F-EE11-8F6C-001DD809B9F5
O2023-0002632,Handicapped Parking Permit No. 130674,Substituted-Aggregated,2023-07-19,9BEF39F1-311F-EE11-8F6C-001DD809B9F5
O2023-0002633,Handicapped Parking Permit No. 132171,Substituted-Aggregated,2023-07-19,E71F5659-321F-EE11-8F6C-001DD809B9F5
O2023-0002634,Handicapped Parking Permit No. 127540 - remove,Substituted-Aggregated,2023-07-19,0504C6C6-321F-EE11-8F6C-001DD809B9F5
O2023-0002635,Traffic sign(s)/signal(s) at N Milwaukee Ave from W Peterson Ave to W Devon Ave - No Semi Truck Parking,Substituted-Aggregated,2023-07-19,2700CDA5-331F-EE11-8F6C-001DD809B9F5
O2023-0002636,Residential permit parking at 1260 N Bosworth Ave - Zone No. 154 - amend,Substituted-Aggregated,2023-07-19,9E557C4D-341F-EE11-8F6C-001DD809B9F5
O2023-0002637,Traffic sign(s)/signal(s) at 1340-1380 N Dean St - Street Cleaning - repeal,Substituted-Aggregated,2023-07-21,77FD9AE2-341F-EE11-8F6C-001DD809B9F5
O2023-0002639,Handicapped Parking Permit No. 130887,Substituted-Aggregated,2023-07-19,841E7BEB-361F-EE11-8F6C-001DD809B9F5
O2023-0002640,Handicapped Parking Permit No. 131654,Substituted-Aggregated,2023-07-14,B640B759-371F-EE11-8F6C-001DD809B9F5
O2023-0002642,Handicapped Parking Permit No. 129523,Substituted-Aggregated,2023-07-19,3B759AF6-381F-EE11-8F6C-001DD809B9F5
O2023-0002645,Handicapped Parking Permit No. 131843,Substituted-Aggregated,2023-07-19,A6F428CF-3A1F-EE11-8F6C-001DD809B9F5
O2023-0002647,Handicapped Parking Permit No. 132158,Substituted-Aggregated,2023-07-19,96A2473D-3B1F-EE11-8F6C-001DD809B9F5
O2023-0002648,Handicapped Parking Permit No. 132161,Substituted-Aggregated,2023-07-19,399AE3C0-3B1F-EE11-8F6C-001DD809B9F5
O2023-0002649,Handicapped Parking Permit No. 131686,Substituted-Aggregated,2023-07-18,3C139A31-3C1F-EE11-8F6C-001DD809B9F5
O2023-0002650,Residential permit parking at 2624-2726 and 2625-2713 W Belden Ave - Zone No. 102 - amend,Substituted-Aggregated,2023-07-19,7237AD94-3C1F-EE11-8F6C-001DD809B9F5
O2023-0002653,Handicapped Parking Permit No. 03790,Substituted-Aggregated,2023-07-19,03C69354-3D1F-EE11-8F6C-001DD809B9F5
O2023-0002655,"Traffic sign(s)/signal(s) at W Palatine Ave from Harlem Ave to N Avondale Ave, N Avondale Ave from W Palatine Ave to W Devon Ave, and W Highland Ave from N Avondale Ave to N Odell Ave - No Parking of Semi-Trucks",Substituted-Aggregated,2023-07-19,0BD9C4C8-3D1F-EE11-8F6C-001DD809B9F5
O2023-0002660,Loading/Standing/Tow Zone(s) at N McCrea Dr from W Washington Blvd to W Maypole Ave,Substituted-Aggregated,2023-07-19,2033FD42-3F1F-EE11-8F6C-001DD809B9F5
O2023-0002661,Loading/Standing/Tow Zone(s) at W Music Court Dr from S Hamlin Ave to S Woodward Dr,Substituted-Aggregated,2023-07-19,58677AE6-3F1F-EE11-8F6C-001DD809B9F5
O2023-0002664,Loading/Standing/Tow Zone(s) at W Schrader Dr from W Washington Blvd to W Maypole Ave,Substituted-Aggregated,2023-07-19,CAE801C1-401F-EE11-8F6C-001DD809B9F5
O2023-0002665,Loading/Standing/Tow Zone(s) at S Woodward Dr from W Madison St to W Jackson Blvd,Substituted-Aggregated,2023-07-19,69DECB32-411F-EE11-8F6C-001DD809B9F5
O2023-0002667,Loading/Standing/Tow Zone(s) at N Central Park Ave from W Fulton Blvd to W Lake St,Substituted-Aggregated,2023-07-19,478A16A3-411F-EE11-8F6C-001DD809B9F5
O2023-0002668,Loading/Standing/Tow Zone(s) at S Central Park Ave from W Jackson Blvd to W Fifth Ave,Substituted-Aggregated,2023-07-19,02DF340B-421F-EE11-8F6C-001DD809B9F5
O2023-0002669,Loading/Standing/Tow Zone(s) at N Central Park Ave from W Lake St to W Madison St,Substituted-Aggregated,2023-07-19,D9132E6D-421F-EE11-8F6C-001DD809B9F5
O2023-0002670,Loading/Standing/Tow Zone(s) at S Central Park Ave from W Madison St to W Adams St,Substituted-Aggregated,2023-07-19,16890DCB-421F-EE11-8F6C-001DD809B9F5
O2023-0002674,Loading/Standing/Tow Zone(s) at W Fifth Ave from S Central Park Ave to S Millard Ave,Substituted-Aggregated,2023-07-19,2242FEAA-4C1F-EE11-8F6C-001DD809B9F5
O2023-0002675,Loading/Standing/Tow Zone(s) at W Fifth Ave from S Homan Ave to S St. Louis Ave,Substituted-Aggregated,2023-07-19,F0AD186F-4D1F-EE11-8F6C-001DD809B9F5
O2023-0002676,Loading/Standing/Tow Zone(s) at W Fulton Blvd from N Central Park Ave to N Conservatory Dr,Substituted-Aggregated,2023-07-19,0544AAD0-4D1F-EE11-8F6C-001DD809B9F5
O2023-0002677,Loading/Standing/Tow Zone(s) at W Madison St from S Hamlin Ave to S Central Park Ave,Substituted-Aggregated,2023-07-19,DD44ED65-4E1F-EE11-8F6C-001DD809B9F5
O2023-0002736,Handicapped Parking Permit No. 128998,Substituted-Aggregated,2023-07-14,B92EE570-CA20-EE11-8F6C-001DD809BA2A
O2023-0002740,Handicapped Parking Permit No. 1299979,Substituted-Aggregated,2023-07-14,C5102037-CC20-EE11-8F6C-001DD809BA2A
O2023-0002798,Zoning Reclassification Map No. 15-J at 3218-3222 W Bryn Mawr Ave - App No. 22233,Passed,2023-09-14,52EBA1A4-8522-EE11-8F6C-001DD809BD75
O2023-0002823,Handicapped Parking Permit No. 125245,Substituted-Aggregated,2023-07-14,0FE8D37E-D324-EE11-9CBD-001DD804E11C
O2023-0002827,Handicapped Parking Permit No. 128524,Substituted-Aggregated,2023-07-14,24F9175C-DE24-EE11-9CBD-001DD804E11C
O2023-0002830,Handicapped Parking Permit No. 129969,Substituted-Aggregated,2023-07-14,4FD59FB5-E124-EE11-9CBD-001DD804E9A5
O2023-0002837,Handicapped Parking Permit No. 129925,Substituted-Aggregated,2023-07-14,898CE879-6D25-EE11-9CBD-001DD804E555
O2023-0002838,Handicapped Parking Permit No. 129911,Substituted-Aggregated,2023-07-14,9D702B48-6F25-EE11-9CBD-001DD804E144
O2023-0002840,Handicapped Parking Permit No. 129983,Substituted-Aggregated,2023-07-14,E7069655-7025-EE11-9CBD-001DD804E144
O2023-0002841,Handicapped Parking Permit No. 131691,Substituted-Aggregated,2023-07-14,A8383A25-7125-EE11-9CBD-001DD804E144
O2023-0002842,Handicapped Parking Permit No. 130858,Substituted-Aggregated,2023-07-14,083E4D67-7225-EE11-9CBD-001DD804E144
O2023-0002844,Handicapped permit parking at 4545 S California Ave,Substituted-Aggregated,2023-07-14,C6E2F406-7425-EE11-9CBD-001DD804E144
O2023-0002847,Handicapped permit parking at 4252 S Campbell Ave,Substituted-Aggregated,2023-07-14,649F4134-7525-EE11-9CBD-001DD804E144
O2023-0002850,Handicapped parking permit at 6601 S Damen Ave,Substituted-Aggregated,2023-07-14,F8937CF8-7525-EE11-9CBD-001DD804E144
O2023-0002855,Handicapped permit parking at 4513 S Hermitage Ave,Substituted-Aggregated,2023-07-14,B5976B90-7925-EE11-9CBD-001DD804E144
O2023-0002857,Handicapped permit parking at 5636 S Honore St,Substituted-Aggregated,2023-07-14,1F6257A1-7A25-EE11-9CBD-001DD804E144
O2023-0002860,Handicapped permit parking at 5723 S Honore St,Substituted-Aggregated,2023-07-14,4CC1BC67-7B25-EE11-9CBD-001DD804E144
O2023-0002861,Handicapped permit parking at 4520 S Marshfield Ave,Substituted-Aggregated,2023-07-14,629DBD22-7C25-EE11-9CBD-001DD804E144
O2023-0002862,Handicapped permit parking at 5542 S Mozart St,Substituted-Aggregated,2023-07-14,E74668CF-7C25-EE11-9CBD-001DD804E144
O2023-0002863,Handicapped permit parking at 6046 S Mozart St,Substituted-Aggregated,2023-07-14,4CF8DCF4-7D25-EE11-9CBD-001DD804E144
O2023-0002865,Handicapped permit parking at 4739 S Rockwell St,Substituted-Aggregated,2023-07-14,2F76719F-7E25-EE11-9CBD-001DD804E144
O2023-0002866,Handicapped permit parking at 4849 S Seeley Ave,Substituted-Aggregated,2023-07-14,9EC540B3-7F25-EE11-9CBD-001DD804E144
O2023-0002869,Handicapped permit parking at 5023 S Seeley Ave,Substituted-Aggregated,2023-07-14,94C559FA-8025-EE11-9CBD-001DD804E144
O2023-0002870,Handicapped permit parking at 5708 S Washtenaw Ave,Substituted-Aggregated,2023-07-14,AA19DA16-8225-EE11-9CBD-001DD804E144
O2023-0002871,Handicapped permit parking at 5836 S Washtenaw Ave,Substituted-Aggregated,2023-07-14,3915C93F-8325-EE11-9CBD-001DD804E144
O2023-0002873,Residential permit parking at S Bell Ave and W 96th St,Substituted-Aggregated,2023-06-21,DC4C7587-8425-EE11-9CBD-001DD804E144
O2023-0002874,Handicapped permit parking at 6219 S Whipple St,Substituted-Aggregated,2023-07-14,E140B293-8425-EE11-9CBD-001DD804E144
O2023-0002878,Handicapped permit parking at 5819 S Wolcott Ave,Substituted-Aggregated,2023-07-14,7661692D-8625-EE11-9CBD-001DD804E144
O2023-0002880,Handicapped permit parking at 6137 S Wood St,Substituted-Aggregated,2023-07-14,4EC9D5F3-8625-EE11-9CBD-001DD804E144
O2023-0002881,Handicapped permit parking at 2534 W 45th Pl,Substituted-Aggregated,2023-07-14,B8201A64-8825-EE11-9CBD-001DD804E144
O2023-0002885,Handicapped permit parking at 2530 W 46th St,Substituted-Aggregated,2023-07-14,D719F873-8925-EE11-9CBD-001DD804E144
O2023-0003017,Approval of Amendment No. 4 to Tax Increment Allocation Financing (TIF) Redevelopment Plan for Northwest Industrial Corridor Redevelopment Project Area,Amended,2023-07-14,9E9415B4-1927-EE11-9965-001DD804E11C
OR2023-0001345,Traffic sign(s)/signal(s) at W 62nd St from point 30 ft. east of S Kenneth Ave to point 40 ft. east thereof - 2 percent Disabled Reserve Parking,Introduce,2023-06-22,CAB3F9EF-7D10-EE11-8F6C-001DD806D641
Or2023-0002047,Traffic sign(s)/signal(s) at W 53rd St and S Merrimac Ave - All-Way Stop,Substituted-Aggregated,2023-07-19,70B7A6AD-CB11-EE11-8F6C-001DD806D3F2
Or2023-0002050,Traffic sign(s)/signal(s) at N Whipple St and W Arthur Ave - All-Way Stop,Substituted-Aggregated,2023-07-19,F649AAF0-D311-EE11-8F6C-001DD806D3F2
Or2023-0002678,Residential permit parking at 1700-1998 and 1701-1999 N Stockton Dr - Zone No. 142,Substituted-Aggregated,2023-07-14,3E022CF4-4E1F-EE11-8F6C-001DD809B9F5
Or2023-0002679,Residential permit parking at 2000-2398 and 2001-2399 N Stockton Dr - Zone No. 143,Substituted-Aggregated,2023-07-14,7C6B7D7D-4F1F-EE11-8F6C-001DD809B9F5
Or2023-0002876,Traffic sign(s)/signal(s) at S Mayfield Ave and S Archer Ave - Two Hour Parking,Substituted-Aggregated,2023-07-14,19220955-8525-EE11-9CBD-001DD804E144
Or2023-0002908,Residential permit parking at 4900-4999 W Winchester Ave,Substituted-Aggregated,2023-07-14,BBE2171F-A525-EE11-9CBD-001DD804E144
Or2023-0002916,Residential permit parking at N St. Louis Ave from W Lyndale Ave to W Belden Ave,Substituted-Aggregated,2023-07-14,45A09879-AC25-EE11-9CBD-001DD804E144
Or2023-0005307,Traffic sign(s)/signal(s) at W Washington Blvd and N Lotus Ave - All-Way Stop,Referred,2023-10-05,6BBF4E76-5D6C-EE11-8DEF-001DD804E2C5
SO2023-0001245,Amendment of Municipal Code Chapter 2-56 regarding qualifications and appointment of Inspector General and Public Safety Deputy,Substituted,2023-07-13,FA12A740-4E10-EE11-8F6C-001DD806D641
SO2023-0001388,"Issuance of multi-family housing revenue bonds and other financial assistance to Boulevard Apartments Preservation, LP for acquisition and rehabilitation of affordable housing at 1930-1938 N Humboldt Blvd, 929-935 N Sacramento Ave and 2212-2214 N Sacramento Ave",Substituted,2023-07-23,51757F59-8410-EE11-8F6C-001DD806D641
SO2023-0001717,"Honorary street designation as ""Honorary Larry Chase Way"" ",Introduce,2023-06-22,56BFAFDC-C110-EE11-8F6C-001DD806D2E1
SO2023-0001865,Zoning Reclassification Map No. 1-G at 1300 W Carroll Ave - App No. 20866,Substituted,2023-06-20,22659CA3-1F11-EE11-8F6C-001DD8094692
SO2023-0001866,"Zoning Reclassification Map No. 4-E at 45-79 E 18th St, 1801-1809 S Wabash Ave, 1800-1806 S Michigan Ave - App No. 21125",Substituted,2023-06-20,24659CA3-1F11-EE11-8F6C-001DD8094692
SO2023-0001868,Zoning Reclassification Map No. 5-G at 1030-1050 W North Ave/1604-1624 N Kingsbury St - App No. 22043T1,Amended,2023-07-14,28659CA3-1F11-EE11-8F6C-001DD8094692
SO2023-0001869,Zoning Reclassification Map No. 12-E at 5339-5353 S State St and 2-16 E 54th St - App No. 20951T1,Substituted,2023-07-14,2A659CA3-1F11-EE11-8F6C-001DD8094692
SO2023-0001870,Zoning Reclassification Map No. 1-G at 357-359 N Green St - App No. 22103,Amended,2023-07-14,2D659CA3-1F11-EE11-8F6C-001DD8094692
SO2023-0001870,Zoning Reclassification Map No. 1-G at 357-359 N Green St - App No. 22103,Substituted,2023-07-14,2D659CA3-1F11-EE11-8F6C-001DD8094692
SO2023-0001871,"Zoning Reclassification Map No. 1-F at 320 N Jefferson St, 650 W Wayman St, 740 W Fulton Market and 331 N Halsted St - App No. 22104",Substituted,2023-07-14,2F659CA3-1F11-EE11-8F6C-001DD8094692
SO2023-0001872,Zoning Reclassification Map No. 7-G at 1354 W Diversey Pkwy - App No. 22136,Substituted,2023-07-14,31659CA3-1F11-EE11-8F6C-001DD8094692
SO2023-0001872,Zoning Reclassification Map No. 7-G at 1354 W Diversey Pkwy - App No. 22136,Amended,2023-07-14,31659CA3-1F11-EE11-8F6C-001DD8094692
SO2023-0001873,Zoning Reclassification Map No. 3-G at 1235-1237 N Ashland Ave - App No. 22142T1,Substituted,2023-07-14,33659CA3-1F11-EE11-8F6C-001DD8094692
SO2023-0001874,Zoning Reclassification Map No. 3-G at 1257-1301 N Ashland Ave - App No. 22143T1,Substituted,2023-07-14,35659CA3-1F11-EE11-8F6C-001DD8094692
SO2023-0001876,Amendment of Statements 5 and 12 of Planned Development 1092 at N Franklin St and W Illinois St,Substituted,2023-07-14,39659CA3-1F11-EE11-8F6C-001DD8094692
SO2023-0001881,Zoning Reclassification Map No. 5-H at 1653-1739 W Webster Ave and 2075-2189 N Elston Ave - App No. 22154,Substituted,2023-07-14,43659CA3-1F11-EE11-8F6C-001DD8094692
SO2023-0001882,Zoning Reclassification Map No. 1-G at 1300-1328 W Lake St - App No. 22156,Substituted,2023-07-14,45659CA3-1F11-EE11-8F6C-001DD8094692
SO2023-0001888,Zoning Reclassification Map No. 7-H at 2940-2946 N Leavitt St - App No. 22166T1,Amended,2023-07-14,53659CA3-1F11-EE11-8F6C-001DD8094692
SO2023-0001888,Zoning Reclassification Map No. 7-H at 2940-2946 N Leavitt St - App No. 22166T1,Substituted,2023-07-14,53659CA3-1F11-EE11-8F6C-001DD8094692
SO2023-0001888,Zoning Reclassification Map No. 7-H at 2940-2946 N Leavitt St - App No. 22166T1,Amended,2023-07-14,53659CA3-1F11-EE11-8F6C-001DD8094692
SO2023-0001889,Zoning Reclassification Map No. 5-I at 2412 W Belden Ave - App No. 22171T1,Substituted,2023-07-14,57659CA3-1F11-EE11-8F6C-001DD8094692
SO2023-0001895,Zoning Reclassification Map No. 20-K at 7901-8071 S Cicero Ave/4744-4760 W 81st St/4649-4711 W 79th St - App No. 22179,Substituted,2023-07-14,64659CA3-1F11-EE11-8F6C-001DD8094692
SO2023-0001907,Zoning Reclassification Map No. 14-G at 6206 S Racine Ave - App No. 22070,Substituted,2023-07-14,7D659CA3-1F11-EE11-8F6C-001DD8094692
SO2023-0001908,Zoning Reclassification Map No. 3-G at 1440-1464 N Magnolia Ave/1241-1259 W Le Moyne St/1439-1461 N Elston Ave - App No. 22077T1,Amended,2023-07-14,7F659CA3-1F11-EE11-8F6C-001DD8094692
SO2023-0001909,Zoning Reclassification Map No. 10-F at 4005 S Dearborn St - App No. 22078,Substituted,2023-07-14,81659CA3-1F11-EE11-8F6C-001DD8094692
SO2023-0002196,"Exemption from physical barrier requirement for commercial driveway alley access for AP Property Development, Inc.",Substituted,2023-07-25,F4F127B1-B515-EE11-8F6D-001DD806F88B
SO2023-0002269,Zoning Reclassification Map No. 3-I at 930 N Western Ave - App No. A-8841,Substituted,2023-11-30,F7057E58-3B1B-EE11-8F6D-001DD806F7E2
SO2023-0002572,Zoning Reclassification Map No. 1-H at 1812-1814 W Grand Ave - App No. 20686T1,Substituted,2023-12-12,D77E7445-691D-EE11-8F6C-001DD8095238
SO2023-0002758,Zoning Reclassification Map No. 9-H at 3327-3335 N Lincoln Ave - App No. 22231T1,Substituted,2023-11-30,BA8C6B27-AD21-EE11-8F6C-001DD809B0B6
SO2023-0002851,Amendment of Municipal Code Section 10-8-180 regarding responsibilities for removal of snow and ice from public way and establishment of Chicago Plow the Sidewalks Pilot Program,Substituted,2023-07-14,6B59C122-7625-EE11-9CBD-001DD804E11C
SO2023-0002867,Redevelopment agreement with and provision of eligible tax increment financing (TIF) assistance to BR Congress Owner LLC and Congress Theater NFP for renovation of Congress Theater facility at 2135 N Milwaukee Ave,Substituted,2023-07-14,9B9574E7-8025-EE11-9CBD-001DD804E11C
SO2023-0004087,"Zoning Reclassification Map Nos. 18-B and 20-B at 7901-7911 S Exchange Ave, 2933-2941 E 79th St, 7850-7872 S Exchange Ave, 2908-2930 E 79th St and 7839-7845 S Escanaba Ave - App No. 22250",Substituted,2023-11-30,FE83EF6D-E150-EE11-BE6E-001DD80974AF
SO2023-0004105,Zoning Reclassification Map No. 26-B at 10301-10347 S Torrence Ave - App No. 22251T1,Substituted,2023-12-12,6BD7CE4D-7851-EE11-BE6E-001DD809716C
SO2023-0004236,Zoning Reclassification Map No. 20-G at 808-820 W 87th St - A-8853,Substituted,2023-11-30,E9C782D5-2B53-EE11-BE6E-001DD8097F18
SO2023-0004241,"Zoning Reclassification Map No. 2-J at 3440-3456 W Roosevelt Rd, 1133 S St. Louis Ave and 3443-3445 W Grenshaw St - App No. A-8846",Substituted,2023-12-12,5C85924D-2D53-EE11-BE6E-001DD8097F18
SO2023-0004773,Zoning Reclassification Map No. 3-I at 1429 N Fairfield Ave - App No. 21075T1,Substituted,2023-12-12,1FBED234-4D5E-EE11-BE6E-001DD8306758
SO2023-0004817,Zoning Reclassification Map No. 9-G at 1051 W Cornelia Ave - App No. 22280T1,Substituted,2023-11-30,F7F80E95-FC5E-EE11-BE6E-001DD8306308
SO2023-0005140,"Annual Appropriation Ordinance Year 2024, as amended",Amended,2023-11-07,C69F2CBA-3B68-EE11-9AE6-001DD80977D6
SO2023-0005140,"Annual Appropriation Ordinance Year 2024, as amended",Substituted,2023-11-21,C69F2CBA-3B68-EE11-9AE6-001DD80977D6
SO2023-0005664,Zoning Reclassification Map No. 4-G at 1805-1811 S Allport St - App No. 22292T1,Substituted,2023-11-30,10364B62-4C77-EE11-9AE5-001DD804D430
SO2023-0005699,Amendment of Municipal Code Section 4-60-023 (30.66) to allow additional package goods licenses on portion(s) of W Belmont Ave and on N Laramie Ave,Substituted,2023-11-08,BE7757E4-4378-EE11-9AE5-001DD804D22B
SO2023-0005731,Third amendment to lease agreement with North LaSalle Financial Associates LLC for additional City lease space at Suite 1600 to service Community Commission for Public Safety and Office of Climate and Environmental Equity during buildout of 9th Floor at 2 N LaSalle St,Substituted,2023-11-29,6CD1D440-CE78-EE11-9AE5-001DD804D22B
SO2023-0005937,"Annual Appropriation Ordinance Year 2023 amendment within Fund No. 925 for Department of Cultural Affairs and Special Events , Department of Family and Support Services, and Chicago Police Department",Substituted,2023-12-08,7FC90646-3383-EE11-8178-001DD83091CA
SO2023-0005959,"Proposed Substitute of Amendment of vacation of conditional public alley(s) in area bounded by W George St, W Wolfram St, N Nordica Ave and N Sayre Ave for Nordica Property LLC release from use restrictions",Substituted,2023-12-07,F96D056B-DA83-EE11-8178-001DD83091CA
SR2023-0001267,Expression of solidarity with International Brotherhood of Teamsters for fair contract negotiations with United Parcel Service,Substituted,2023-07-14,EF07F79D-5D10-EE11-8F6C-001DD806D641
